{"proxies":{"com.kosso.tidownloadmanager.TidownloadmanagerModule":{"superPackageName":"org.appcelerator.kroll","methods":{"downloadFile":{"runOnUiThread":false,"hasInvocation":false,"args":[{"converter":"org.appcelerator.kroll.KrollConverter","defaultValueProvider":"org.appcelerator.kroll.KrollConverter","name":"dict","sourceName":"dict","type":"org.appcelerator.kroll.KrollDict"}],"apiName":"downloadFile","converter":"org.appcelerator.kroll.KrollConverter","defaultValueProvider":"org.appcelerator.kroll.KrollConverter","name":"__default_name__","returnType":"void"},"stop":{"runOnUiThread":false,"hasInvocation":false,"args":[],"apiName":"stop","converter":"org.appcelerator.kroll.KrollConverter","defaultValueProvider":"org.appcelerator.kroll.KrollConverter","name":"__default_name__","returnType":"void"},"cancelDownloadForUID":{"runOnUiThread":false,"hasInvocation":false,"args":[{"converter":"org.appcelerator.kroll.KrollConverter","defaultValueProvider":"org.appcelerator.kroll.KrollConverter","name":"uid","sourceName":"uid","type":"java.lang.String"}],"apiName":"cancelDownloadForUID","converter":"org.appcelerator.kroll.KrollConverter","defaultValueProvider":"org.appcelerator.kroll.KrollConverter","name":"__default_name__","returnType":"void"},"destroy":{"runOnUiThread":false,"hasInvocation":false,"args":[],"apiName":"destroy","converter":"org.appcelerator.kroll.KrollConverter","defaultValueProvider":"org.appcelerator.kroll.KrollConverter","name":"__default_name__","returnType":"void"},"cancelDownload":{"runOnUiThread":false,"hasInvocation":false,"args":[{"converter":"org.appcelerator.kroll.KrollConverter","defaultValueProvider":"org.appcelerator.kroll.KrollConverter","name":"uid","sourceName":"uid","type":"java.lang.String"}],"apiName":"cancelDownload","converter":"org.appcelerator.kroll.KrollConverter","defaultValueProvider":"org.appcelerator.kroll.KrollConverter","name":"__default_name__","returnType":"void"},"cancelAllDownloads":{"runOnUiThread":false,"hasInvocation":false,"args":[],"apiName":"cancelAllDownloads","converter":"org.appcelerator.kroll.KrollConverter","defaultValueProvider":"org.appcelerator.kroll.KrollConverter","name":"__default_name__","returnType":"void"},"getDownloads":{"runOnUiThread":false,"hasInvocation":false,"args":[],"apiName":"getDownloads","converter":"org.appcelerator.kroll.KrollConverter","defaultValueProvider":"org.appcelerator.kroll.KrollConverter","name":"__default_name__","returnType":"java.lang.Object[]"}},"superProxyBindingClassName":"org.appcelerator.kroll.KrollModuleBindingGen","proxyClassName":"TidownloadmanagerModule","proxyAttrs":{"propertyAccessors":[],"fullAPIName":"Tidownloadmanager","name":"Tidownloadmanager","proxyClassName":"com.kosso.tidownloadmanager.TidownloadmanagerModule","isTopLevel":false,"id":"com.kosso.tidownloadmanager"},"packageName":"com.kosso.tidownloadmanager","sourceName":"com.kosso.tidownloadmanager.TidownloadmanagerModuleBindingGen","isTitaniumSdk":false,"superProxyClassName":"KrollModule","isModule":true,"genClassName":"TidownloadmanagerModuleBindingGen","onAppCreate":"onAppCreate"}},"modules":{"com.kosso.tidownloadmanager.TidownloadmanagerModule":{"apiName":"Tidownloadmanager"}}}